{
    "blogs_details": "blogs details",
    "Search_products": "Search products",
    "products": "products",
    "Product": "Product",
    "Somethings_went_wrong": "Somethings went wrong",
    "Become_seller": "Become seller",
    "Cart": "Cart",
    "Checkout": "Checkout",
    "FAQ": "FAQ",
    "Forgot_password": "Forgot password",
    "Login": "Login",
    "Privacy_Policy": "Privacy Policy",
    "Product_Compaire": "Product Compaire",
    "Signup": "Signup",
    "Term_and_Conditions": "Term and Conditions",
    "home": "home",
    "About_us": "About us",
    "Contact_Us": "Contact Us",
    "Customers_Feedback": "Customers Feedback",
    "My_Latest_News": "My Latest News",
    "Shop_Now": "Shop Now",
    "Showing": "Showing",
    "results": "results",
    "View_by": "View by",
    "Product_categories": "Product categories",
    "Price_Range": "Price Range",
    "Price": "Price",
    "Brands": "Brands",
    "Send": "Send",
    "Reset_Password": "Reset Password",
    "OTP": "OTP",
    "Email_Address": "Email Address",
    "Email": "Email",
    "New_Password": "New Password",
    "Confirm_Password": "Confirm Password",
    "Reset": "Reset",
    "Please_verify_your_account__If_you_didnt_get_OTP__please_resend_your_OTP_and_verify": "Please verify your account. If you didnt get OTP, please resend your OTP and verify",
    "Send_OTP": "Send OTP",
    "Login_Successfully": "Login Successfully",
    "Invalid_Credentials": "Invalid Credentials",
    "Log_In": "Log In",
    "Password": "Password",
    "Remember_Me": "Remember Me",
    "Dontt_have_an_account": "Dont't have an account",
    "sign_up_free": "sign up free",
    "dashboard": "dashboard",
    "profile": "profile",
    "Your_Dashboard": "Your Dashboard",
    "Switch_Dashboard": "Switch Dashboard",
    "Dashboard": "Dashboard",
    "Personal_Info": "Personal Info",
    "Order": "Order",
    "Wishlist": "Wishlist",
    "Address": "Address",
    "Reviews": "Reviews",
    "Change_Password": "Change Password",
    "Logout": "Logout",
    "Add_New_Address": "Add New Address",
    "First_Name": "First Name",
    "Demo_Name": "Demo Name",
    "Last_Name": "Last Name",
    "Phone_Number": "Phone Number",
    "phone": "phone",
    "Country": "Country",
    "Select": "Select",
    "State": "State",
    "City": "City",
    "your_address_here": "your address here",
    "Office": "Office",
    "Save_Address": "Save Address",
    "Name": "Name",
    "Hello": "Hello",
    "Welcome_to_your_Profile": "Welcome to your Profile",
    "New_Orders": "New Orders",
    "Delivery_Completed": "Delivery Completed",
    "Total_Orders": "Total Orders",
    "Personal_Information": "Personal Information",
    "Date": "Date",
    "Amount": "Amount",
    "Action": "Action",
    "View_Details": "View Details",
    "Old_Password": "",
    "Re_enter_Password": "Re-enter Password",
    "Update_Password": "Update Password",
    "Cancel": "Cancel",
    "Read_Only": "Read Only",
    "Update_Profile": "Update Profile",
    "Profile_of_at_least_Size": "Profile of at least Size",
    "Max_5mb": "Max 5mb",
    "Pending_review": "Pending review",
    "Clear_wishlist": "Clear wishlist",
    "Clean_Wishlist": "Clean Wishlist",
    "View_Cards": "View Cards",
    "Verify_You": "Verify You",
    "Verify": "Verify",
    "Create_Account": "Create Account",
    "in_ecoShop": "in Mygroce",
    "Already_have_an_Account": "Already have an Account",
    "Congratulation_Your_seller_request_successfully_delivered": "Congratulation Your seller request successfully delivered",
    "Please_Login_First": "Please Login First",
    "Seller_Information": "Seller Information",
    "Fill_the_form_below_or_write_us_We_will_help_you_as_soon_as_possible": "Fill the form below or write us We will help you as soon as possible",
    "Shop_Information": "Shop Information",
    "Shop_Name": "Shop Name",
    "Your_address_Here": "Your address Here",
    "I_agree_all_terms_and_condition_in_ecoShop": "I agree all terms and condition in Mygroce",
    "Create_Seller_Account": "Create Seller Account",
    "Update_Logo": "Update Logo",
    "Gifs_work_too": "Gifs work too",
    "Update_Cover": "Update Cover",
    "Cover_of_at_least_Size": "Cover of at least Size",
    "blogs": "blogs",
    "By_Admin": "By Admin",
    "Search": "Search",
    "Latest_Post": "Latest Post",
    "Categories": "Categories",
    "Our_Newsletter": "Our Newsletter",
    "Follow_our_newsletter_to_stay_updated_about_us": "Follow our newsletter to stay updated about us",
    "Subscribe": "Subscribe",
    "Message": "Message",
    "Submit_Review": "Submit Review",
    "Comments": "Comments",
    "Blog_Not_Found": "Blog Not Found",
    "Remove_from_Cart": "Remove from Cart",
    "No_items_found": "No items found",
    "View_Cart": "View Cart",
    "Checkout_Now": "Checkout Now",
    "Get_Return_within": "Get Return within 30 days",
    "cart": "cart",
    "Clear_Cart": "Clear Cart",
    "Update_Cart": "Update Cart",
    "Proceed_to_Checkout": "Proceed to Checkout",
    "checkout": "checkout",
    "Addresses": "Addresses",
    "Billing_Address": "Billing Address",
    "Shipping_Address": "Shipping Address",
    "Add_New": "Add New",
    "Selected": "Selected",
    "Add_new_address": "Add new address",
    "Apply_Coupon": "Apply Coupon",
    "Order_Summary": "Order Summary",
    "total": "total",
    "SUBTOTAL": "SUBTOTAL",
    "Shipping": "Shipping",
    "Cash_On_Delivery": "Cash On Delivery",
    "Transaction_Information": "Transaction Information",
    "Place_Order_Now": "Place Order Now",
    "Get_In_Touch": "Get In Touch",
    "Send_Now": "Send Now",
    "Back_to_Shop": "Back to Shop",
    "Empty!_You_dont_Cart_any_Products": "Empty! You don't Cart any Products",
    "Empty!_You_dont_Wishlist_any_Products": "Empty! You don't Wishlist any Products",
    "Frequently_asked_questions": "Frequently asked questions",
    "Have_Any_Qustion": "Have Any Qustion",
    "Days": "Days",
    "Hours": "Hours",
    "Minutes": "Minutes",
    "Seconds": "Seconds",
    "Sorry!_We_cantt_Find_that_page!": "Sorry! We cant't Find that page!",
    "Add_To_Cart": "Add To Cart",
    "Item_added": "Item added",
    "Go_To_Cart": "Go To Cart",
    "Select_One": "Select One",
    "Get_the_Coupon": "Get the Coupon",
    "View_More": "View More",
    "OFF": "OFF",
    "Main_Menu": "Main Menu",
    "About": "About",
    "Contact": "Contact",
    "Delivered_on": "Delivered on",
    "Your_order_is_declined": "Your order is declined",
    "Pending": "Pending",
    "Progress": "Progress",
    "Delivered": "Delivered",
    "Order_ID": "Order ID",
    "Type": "Type",
    "Print_PDF": "Print PDF",
    "quantity": "quantity",
    "review": "review",
    "Shipping_Cost": "Shipping Cost",
    "Write_Your_Reviews": "Write Your Reviews",
    "Contact_Info": "Contact Info",
    "Hi": "Hi",
    "Settings": "Settings",
    "Sign_Out": "Sign Out",
    "All_Categories": "All Categories",
    "Shop": "Shop",
    "Sellers": "Sellers",
    "Pages": "Pages",
    "Seller_Login": "Seller Login",
    "Account": "Account",
    "Track_Order": "Track Order",
    "Support": "Support",
    "compare": "compare",
    "Product_Comparison": "Product Comparison",
    "Select_products_to_see_the_differences_and_similarities_between_them": "Select products to see the differences and similarities between them",
    "Star_Rating": "Star Rating",
    "Availability": "Availability",
    "In_Stock": "In Stock",
    "Out_of_Stock": "Out of Stock",
    "Specification": "Specification",
    "Your_Compare_List_Is_Empty": "Your Compare List Is Empty",
    "Store_Open": "Store Open",
    "Description": "Description",
    "Seller_Info": "Seller Info",
    "Introduction": "Introduction",
    "Related_Product": "Related Product",
    "Report_Products": "Report Products",
    "Enter_Report_Ttile": "Enter Report Ttile",
    "Enter_Report_Note": "Enter Report Note",
    "Submit_Report": "Submit Report",
    "Report_This_Item": "Report This Item",
    "Share_This": "Share This",
    "View_Shop": "View Shop",
    "Track_Your_Order": "Track Your Order",
    "Enter_your_order_tracking_number_and_your_secret_id": "Enter your order tracking number and your secret id",
    "Track_Now": "Track Now",
    "wishlist": "wishlist",
    "Update_address": "Update address",
    "Our_blogs": "Our blogs",
    "Show_more": "Show more",
    "leave_a_comment": "leave a comment",
    "Write_something": "Write something",
    "Your_cart": "Your cart",
    "Something_missing": "Something missing",
    "Select_your_payment_system": "Select your payment system",
    "Discount_code": "Discount code",
    "Apply": "Apply",
    "Bank_Payment": "Bank Payment",
    "Subject": "Subject",
    "Seller_terms_and_conditions": "Seller terms and conditions",
    "Completed": "Completed",
    "Declined": "Declined",
    "Delivered_On": "Delivered On",
    "Total_Paid": "Total Paid",
    "of": "of",
    "Products_Available": "Products Available",
    "Products_not_Available": "Products not Available",
    "SKU": "SKU",
    "order_number": "order number",
    "order_tracking_nubmer": "order tracking nubmer",
    "Invalid_data": "Invalid data",
    "Delivery_Date": "Delivery Date"
}